id,title,author,publication_date,category
1,Midnight Moonlight,Anna Strick,21-11-2024,Travel
2,Whimsical Wonderland,Morly Eyers,12-02-2025,Travel
3,Whispers in the Wind,Kimmy Allmann,21-09-2024,Food
4,Enchanted Dreams,Britt Wild,20-07-2024,Travel
5,Whimsical Wonderland,Gayle Got,14-04-2024,Technology
6,Echoes of Eternity,Dinnie Eastridge,11-09-2024,Technology
7,Mystic Shadows,Gram Duckham,24-06-2024,Technology
8,Dancing with Dragons,Remington Grogor,11-03-2025,Fashion
9,The Secret Garden,Abrahan Hutchin,01-03-2025,Business
10,Whimsical Wonderland,Addy Kraut,27-06-2024,Sports
11,Whispers in the Wind,Barron Itzchaky,24-03-2025,Fashion
12,The Secret Garden,Ivett Gosart,16-05-2024,Business
13,The Secret Garden,Millisent Salvadore,28-07-2024,Sports
14,Mystic Shadows,Mela Kettle,08-08-2024,Science
15,Mystic Shadows,Waldemar Ramet,21-08-2024,Home
16,The Secret Garden,Zea Shitliffe,30-03-2025,Food
17,Enchanted Dreams,Lucias Beckett,06-09-2024,Home
18,The Secret Garden,Maximo Rutherforth,15-09-2024,Travel
19,Echoes of Eternity,Emmalee Dabnor,05-10-2024,Health
20,Whimsical Wonderland,Jay Ickovic,17-04-2024,Home
21,Mystic Shadows,Nester Golder,28-06-2024,Science
22,Starlight Serenade,Averell Polotti,26-09-2024,Travel
23,Enchanted Dreams,Chickie Bithany,16-10-2024,Business
24,Midnight Moonlight,Julian O'Sheils,02-02-2025,Entertainment
25,Lost in Time,Enid Donnersberg,29-11-2024,Business
26,Midnight Moonlight,Gaven Gwinn,17-04-2024,Business
27,Enchanted Dreams,Doyle Bentzen,18-07-2024,Science
28,Enchanted Dreams,Raimund Lebrun,27-01-2025,Technology
29,The Secret Garden,Randene Fillis,04-07-2024,Home
30,Dancing with Dragons,Wilie Mettrick,04-04-2024,Home
31,Lost in Time,Torry MacTeggart,15-08-2024,Entertainment
32,Lost in Time,Zia Sarginson,06-04-2025,Technology
33,The Secret Garden,Adrea Stopp,29-09-2024,Food
34,Dancing with Dragons,Brendan Elwel,07-09-2024,Business
35,Midnight Moonlight,Carolina Jobbings,01-11-2024,Entertainment
36,Mystic Shadows,Edan Grastye,13-07-2024,Business
37,Whispers in the Wind,Chevalier Peller,15-01-2025,Entertainment
38,Lost in Time,Wenonah Lynagh,09-07-2024,Technology
39,The Secret Garden,Kristi Connew,09-05-2024,Business
40,Echoes of Eternity,Antoine Yaakov,23-07-2024,Technology
41,Lost in Time,Bunnie Ellwood,07-05-2024,Fashion
42,The Secret Garden,Robin Mordey,18-10-2024,Food
43,Dancing with Dragons,Adrianna Haggeth,11-07-2024,Travel
44,Midnight Moonlight,Austine McGiven,08-11-2024,Fashion
45,Whimsical Wonderland,Philip Trevaskus,06-09-2024,Home
46,Starlight Serenade,Corbie Pargent,25-02-2025,Fashion
47,Starlight Serenade,Isac Clyant,05-03-2025,Food
48,Starlight Serenade,Kalindi Fattore,23-01-2025,Entertainment
49,Whispers in the Wind,Daveen Ghiotto,17-04-2025,Travel
50,Mystic Shadows,Gwendolin Le Gall,02-02-2025,Entertainment
51,The Secret Garden,Lemar Houlson,14-05-2024,Entertainment
52,Lost in Time,Blondie Mitchell,12-07-2024,Fashion
53,Whispers in the Wind,Issie Wickwarth,06-05-2024,Travel
54,The Secret Garden,Brendin Hazard,29-11-2024,Health
55,Whispers in the Wind,Kippy Achromov,11-03-2025,Food
56,Mystic Shadows,Idalina Atwool,18-06-2024,Fashion
57,Lost in Time,Lannie Ineson,07-10-2024,Science
58,Mystic Shadows,Rik Coleford,19-02-2025,Business
59,Midnight Moonlight,Cristabel Mingus,03-08-2024,Home
60,Starlight Serenade,Terrel Costello,31-08-2024,Technology
61,Enchanted Dreams,Courtnay Lorant,06-03-2025,Food
62,Whimsical Wonderland,Johnette Synke,27-09-2024,Travel
63,Echoes of Eternity,Loni Rosenvasser,04-08-2024,Business
64,Lost in Time,Reece Pietzner,04-01-2025,Home
65,Midnight Moonlight,Malia Draysay,07-09-2024,Science
66,Echoes of Eternity,Marjorie Livock,24-04-2024,Fashion
67,Enchanted Dreams,Ranee Kittle,25-06-2024,Sports
68,Whimsical Wonderland,Petronia Borland,28-09-2024,Entertainment
69,Mystic Shadows,Moyra Creer,16-07-2024,Business
70,Mystic Shadows,Rheba Longworth,18-09-2024,Health
71,Mystic Shadows,Kaila Stockle,18-08-2024,Travel
72,Midnight Moonlight,Leonora Lafay,18-07-2024,Technology
73,Whimsical Wonderland,Berke Hutcheson,06-02-2025,Science
74,The Secret Garden,Bertrand Primett,23-05-2024,Entertainment
75,Midnight Moonlight,Nara Tabart,12-04-2025,Fashion
76,Whimsical Wonderland,Dore MacTrustie,06-01-2025,Technology
77,Lost in Time,Sophronia Evitts,07-09-2024,Business
78,Lost in Time,Val Gettins,08-07-2024,Food
79,Enchanted Dreams,Curtice Hurleston,11-09-2024,Travel
80,Starlight Serenade,Koressa Abbis,13-11-2024,Travel
81,Whispers in the Wind,Aurilia Hassewell,02-08-2024,Science
82,Midnight Moonlight,Heidie Bramer,26-12-2024,Sports
83,Lost in Time,Angie Oaks,19-11-2024,Sports
84,Echoes of Eternity,Arabele Brunsden,13-09-2024,Entertainment
85,Lost in Time,Glyn Suggate,18-04-2024,Sports
86,Starlight Serenade,Gertrud Alfonso,28-02-2025,Technology
87,Midnight Moonlight,Ginnifer Crasford,04-02-2025,Technology
88,Midnight Moonlight,Jessie Harry,05-12-2024,Fashion
89,Echoes of Eternity,Gal de Pinna,08-08-2024,Business
90,Lost in Time,Lotty Rawcliffe,04-04-2024,Sports
91,Lost in Time,Gus Lille,05-11-2024,Sports
92,Enchanted Dreams,Lorrayne Gabbotts,18-12-2024,Food
93,Enchanted Dreams,Leda Gadsdon,13-07-2024,Sports
94,Lost in Time,Hurlee Plain,04-11-2024,Fashion
95,Midnight Moonlight,Tami Vedenyapin,16-11-2024,Fashion
96,Whimsical Wonderland,Wes Raubenheim,02-09-2024,Health
97,Whispers in the Wind,Hamel Mancktelow,09-11-2024,Home
98,Whispers in the Wind,Theadora Rosenblath,07-01-2025,Travel
99,Echoes of Eternity,Theresita Elby,19-08-2024,Science
100,Whimsical Wonderland,Tracy Sergant,10-01-2025,Business
101,Whispers in the Wind,Mandel Tasseler,07-02-2025,Science
102,The Secret Garden,Edouard Wiles,04-12-2024,Sports
103,Dancing with Dragons,Erwin Skeggs,15-04-2025,Business
104,Starlight Serenade,Lauralee Bartoszek,16-04-2024,Business
105,The Secret Garden,Ashby Heugel,23-04-2025,Technology
106,Lost in Time,Granthem McElrath,29-09-2024,Business
107,Starlight Serenade,Hubey Plowell,06-01-2025,Entertainment
108,Lost in Time,Bradly McCory,12-04-2025,Home
109,Whimsical Wonderland,Gerri Brittan,12-11-2024,Entertainment
110,Echoes of Eternity,Bartholomeo Hantusch,21-09-2024,Food
111,Echoes of Eternity,Gran Sparham,06-07-2024,Fashion
112,Whimsical Wonderland,Dinny Boynton,02-05-2024,Sports
113,Whimsical Wonderland,Janka Earingey,20-05-2024,Fashion
114,Midnight Moonlight,Corissa Garritley,05-07-2024,Business
115,Dancing with Dragons,Brand Ollivier,20-03-2025,Business
116,Mystic Shadows,Aurthur Maymond,31-08-2024,Food
117,Midnight Moonlight,Morganne Sirrell,09-04-2024,Travel
118,Echoes of Eternity,Letizia Spadelli,14-08-2024,Travel
119,Midnight Moonlight,Babs Stansfield,28-04-2025,Travel
120,Enchanted Dreams,Janela Larive,03-02-2025,Science
121,Starlight Serenade,Maynard Pouck,22-02-2025,Food
122,Starlight Serenade,Corbie Huddles,21-05-2024,Travel
123,Whispers in the Wind,Theodoric Cusick,21-02-2025,Home
124,Midnight Moonlight,Pet Scully,08-12-2024,Technology
125,Lost in Time,Tommie Gummer,18-06-2024,Entertainment
126,Whispers in the Wind,Clare Groveham,05-03-2025,Business
127,Starlight Serenade,Phaidra Duddridge,02-09-2024,Sports
128,Midnight Moonlight,Lacie Heinzel,11-01-2025,Food
129,Echoes of Eternity,Wallis Fulger,22-07-2024,Science
130,Whispers in the Wind,Carolin Aistrop,19-12-2024,Home
131,Whispers in the Wind,Lynna Bradmore,21-10-2024,Fashion
132,Starlight Serenade,Cookie Losselyong,05-01-2025,Science
133,Echoes of Eternity,Sig Nowell,15-03-2025,Sports
134,Lost in Time,Vincents Deville,05-03-2025,Business
135,Whispers in the Wind,Biddie Chattaway,24-01-2025,Health
136,The Secret Garden,Alfie Cranmer,09-04-2025,Travel
137,Midnight Moonlight,Merell Dallewater,26-03-2025,Health
138,Enchanted Dreams,Errol Measom,24-10-2024,Science
139,Echoes of Eternity,Pierrette Beeby,28-10-2024,Business
140,Whimsical Wonderland,Clari Scholtis,26-09-2024,Health
141,Enchanted Dreams,Norton Pautot,06-08-2024,Food
142,Lost in Time,Sheena Clappson,20-06-2024,Sports
143,Whimsical Wonderland,Rici Esslement,06-11-2024,Food
144,Whispers in the Wind,Helaina Waind,13-04-2024,Business
145,Enchanted Dreams,Lusa Verring,03-12-2024,Sports
146,Dancing with Dragons,Harcourt Grainge,11-08-2024,Travel
147,Enchanted Dreams,Webster Buckett,29-07-2024,Science
148,Whimsical Wonderland,Karlotta Seefeldt,17-04-2024,Home
149,Echoes of Eternity,Lowell Sperrett,06-05-2024,Health
150,Mystic Shadows,Bobbette Stalman,25-02-2025,Home
151,Lost in Time,Gusti Ingre,05-09-2024,Business
152,The Secret Garden,Hunter Linscott,15-07-2024,Home
153,Whispers in the Wind,Moreen Ericssen,16-04-2024,Sports
154,Midnight Moonlight,Amii Kanwell,29-03-2025,Business
155,Whimsical Wonderland,Elora Thynn,27-03-2025,Fashion
156,Starlight Serenade,Galvan Wolseley,26-12-2024,Sports
157,Enchanted Dreams,Evanne Sarson,02-06-2024,Sports
158,Enchanted Dreams,Kathie Guess,11-04-2024,Home
159,Midnight Moonlight,Yankee Bestiman,25-04-2024,Travel
160,The Secret Garden,Nicolette Flannigan,17-06-2024,Food
161,Midnight Moonlight,Mar Vermer,05-07-2024,Science
162,Whispers in the Wind,Evelyn Gianolo,01-03-2025,Travel
163,Starlight Serenade,Cassi Lindner,24-08-2024,Health
164,Dancing with Dragons,Chester Arnaudet,29-10-2024,Sports
165,Lost in Time,Kevan Oehme,14-07-2024,Science
166,Enchanted Dreams,Ax Attrey,12-02-2025,Fashion
167,Dancing with Dragons,Fredelia Growden,22-11-2024,Entertainment
168,Starlight Serenade,Brittney Hardiker,16-02-2025,Travel
169,Starlight Serenade,Huntley Dorgan,12-06-2024,Food
170,The Secret Garden,Ivonne Camilleri,06-04-2024,Health
171,Whimsical Wonderland,Winnie Norcliff,04-03-2025,Sports
172,Echoes of Eternity,Sandro Munnings,25-08-2024,Travel
173,Whispers in the Wind,Lemmy Planque,11-04-2025,Home
174,Lost in Time,Joyann Gideon,08-02-2025,Health
175,Whispers in the Wind,Doralynne Mozzini,28-05-2024,Food
176,The Secret Garden,Leland Grassi,30-12-2024,Fashion
177,Whimsical Wonderland,Silvia Perkinson,16-06-2024,Home
178,Dancing with Dragons,Bernie Hutchason,09-03-2025,Business
179,Echoes of Eternity,Marieann Water,26-10-2024,Sports
180,Lost in Time,Lotta Cayton,28-01-2025,Fashion
181,Enchanted Dreams,Ransom Trenholm,28-07-2024,Health
182,Midnight Moonlight,Abigael Ruslinge,28-09-2024,Health
183,Midnight Moonlight,Elene Kilbride,14-05-2024,Science
184,Lost in Time,Payton Dillet,21-05-2024,Technology
185,Mystic Shadows,Mignon Josifovitz,13-12-2024,Sports
186,Enchanted Dreams,Lidia Blenkinship,16-02-2025,Food
187,The Secret Garden,Mariya McKenny,04-11-2024,Food
188,Dancing with Dragons,Shanie Loche,18-07-2024,Technology
189,Starlight Serenade,Lauralee Mitchall,03-03-2025,Home
190,Enchanted Dreams,Ruperta Ivanets,12-01-2025,Sports
191,Mystic Shadows,Valerie Aslam,30-10-2024,Fashion
192,Whispers in the Wind,Ferguson O'Tierney,17-06-2024,Business
193,The Secret Garden,Angelique Keeves,17-12-2024,Sports
194,Lost in Time,Bidget Stubbs,15-01-2025,Health
195,Mystic Shadows,Grover Farlambe,08-03-2025,Technology
196,Starlight Serenade,Ebeneser Roscow,19-04-2025,Fashion
197,Whimsical Wonderland,Jocelyne Crampton,23-06-2024,Science
198,Mystic Shadows,Bartholemy Steeden,21-12-2024,Sports
199,The Secret Garden,Germain Rostron,11-01-2025,Sports
200,Lost in Time,Rosaleen Bernetti,17-04-2024,Health
201,Whimsical Wonderland,Ursulina Parades,02-01-2025,Food
202,Midnight Moonlight,Polly Aulds,11-02-2025,Fashion
203,Midnight Moonlight,Hyman Paszek,21-11-2024,Fashion
204,Starlight Serenade,Martainn Newtown,22-08-2024,Home
205,Enchanted Dreams,Juli Jeromson,19-09-2024,Sports
206,Starlight Serenade,Gino O' Culligan,22-01-2025,Health
207,Midnight Moonlight,Gusta Stubley,23-04-2025,Technology
208,Whimsical Wonderland,Berkeley Linnit,31-05-2024,Entertainment
209,Mystic Shadows,Alfi Brightey,21-10-2024,Entertainment
210,Whimsical Wonderland,Hallie Itzik,25-06-2024,Business
211,The Secret Garden,Ollie Ell,12-12-2024,Sports
212,Whimsical Wonderland,Allyson Klimshuk,17-04-2024,Food
213,Mystic Shadows,Kerby Patington,08-04-2024,Entertainment
214,Whimsical Wonderland,Harold Battison,12-10-2024,Fashion
215,Echoes of Eternity,Barbie Frayling,24-01-2025,Entertainment
216,The Secret Garden,Melloney Awty,21-04-2024,Travel
217,Dancing with Dragons,Deb Meller,05-08-2024,Entertainment
218,Dancing with Dragons,Sarah Gipps,22-05-2024,Food
219,Lost in Time,Waverly Moulding,11-09-2024,Fashion
220,Whispers in the Wind,Cher Deadman,26-03-2025,Home
221,Dancing with Dragons,Valle Landsman,10-09-2024,Business
222,Lost in Time,Carr Boland,27-10-2024,Home
223,The Secret Garden,Lulu Burbank,09-06-2024,Business
224,The Secret Garden,Faythe Patillo,23-12-2024,Technology
225,Mystic Shadows,Etti Coldham,22-10-2024,Home
226,Dancing with Dragons,Everett Penrith,03-01-2025,Sports
227,Echoes of Eternity,Fay Ciccottini,24-02-2025,Science
228,The Secret Garden,Bridgette Falkingham,19-07-2024,Sports
229,Whimsical Wonderland,Giacomo Fergie,16-03-2025,Travel
230,Enchanted Dreams,Amalita Thaim,27-08-2024,Health
231,Echoes of Eternity,Page Connett,23-10-2024,Entertainment
232,Lost in Time,Derek Forward,27-04-2024,Home
233,Whimsical Wonderland,Dallis Hastelow,09-08-2024,Fashion
234,Dancing with Dragons,Sumner Kingsnode,27-08-2024,Business
235,Whispers in the Wind,Wells Snazel,09-10-2024,Technology
236,Dancing with Dragons,Bondie MacSkeaghan,07-03-2025,Science
237,Echoes of Eternity,Kimberley Lanning,18-04-2025,Home
238,Starlight Serenade,Woodie Buckney,14-05-2024,Home
239,Whimsical Wonderland,Brew Arnison,16-05-2024,Fashion
240,Lost in Time,Waldo Dorrance,05-05-2024,Travel
241,Whimsical Wonderland,Melisande Cuttin,28-03-2025,Sports
242,Mystic Shadows,Fedora McDiarmid,07-09-2024,Science
243,Starlight Serenade,Selby Gouldstraw,19-03-2025,Fashion
244,Mystic Shadows,Bab Erskine,14-10-2024,Food
245,Whispers in the Wind,Artemus Crutchley,12-01-2025,Fashion
246,Dancing with Dragons,Annaliese Fincke,24-05-2024,Travel
247,Enchanted Dreams,Murielle Crutch,27-05-2024,Fashion
248,Mystic Shadows,Rafaelita Dougharty,07-12-2024,Business
249,The Secret Garden,Fabe Peiro,24-04-2025,Entertainment
250,Whispers in the Wind,Tristan Cudde,12-10-2024,Technology
251,Starlight Serenade,Alvera Dadswell,17-07-2024,Food
252,Whispers in the Wind,Winonah Iredale,07-06-2024,Fashion
253,Starlight Serenade,Dilly Wintour,03-06-2024,Science
254,Whispers in the Wind,Gus Place,04-09-2024,Health
255,Enchanted Dreams,Olivero Kibblewhite,06-02-2025,Travel
256,Whispers in the Wind,Worden O'Riordan,08-11-2024,Home
257,Echoes of Eternity,Andeee McElhinney,13-11-2024,Fashion
258,Whimsical Wonderland,Leodora Swanwick,11-06-2024,Technology
259,Dancing with Dragons,Dan Davidou,21-03-2025,Travel
260,Mystic Shadows,Rae Aldwich,23-07-2024,Science
261,Mystic Shadows,Duff Ioselev,28-10-2024,Travel
262,Whimsical Wonderland,Debbi Formilli,02-10-2024,Business
263,Echoes of Eternity,Cherise Shemming,22-04-2024,Health
264,Mystic Shadows,Corrine Alfonso,10-04-2024,Technology
265,Whimsical Wonderland,Margeaux Ferriby,05-04-2025,Travel
266,Midnight Moonlight,Sandro Flag,16-04-2025,Food
267,Mystic Shadows,Henri Kays,27-03-2025,Home
268,Lost in Time,Denice Roskelley,10-06-2024,Fashion
269,The Secret Garden,Ilene Sandon,16-02-2025,Home
270,Midnight Moonlight,Gerianna Engel,13-05-2024,Entertainment
271,Dancing with Dragons,Cara Harteley,23-03-2025,Technology
272,Whispers in the Wind,Oran Gritton,20-05-2024,Travel
273,Lost in Time,Tamarah McIlmorie,26-12-2024,Health
274,The Secret Garden,Keir Mogra,06-02-2025,Health
275,The Secret Garden,Ansley Petracek,21-05-2024,Fashion
276,Lost in Time,Susan Huyhton,28-05-2024,Food
277,Dancing with Dragons,Illa Agutter,28-01-2025,Health
278,Midnight Moonlight,Tony Balcock,18-08-2024,Home
279,Mystic Shadows,Cassandry Smowton,14-11-2024,Food
280,Echoes of Eternity,Amelie Brookson,01-03-2025,Fashion
281,Dancing with Dragons,Pierrette Mash,08-04-2025,Technology
282,Echoes of Eternity,Malinda Haquin,06-03-2025,Technology
283,Dancing with Dragons,Martin Heasman,15-03-2025,Travel
284,Echoes of Eternity,Yolanthe Watkin,21-03-2025,Travel
285,Midnight Moonlight,Gwendolen Littlejohn,04-05-2024,Entertainment
286,Whispers in the Wind,Christye Hews,01-04-2024,Technology
287,The Secret Garden,Karoly Stife,24-09-2024,Travel
288,Lost in Time,Myrtle Piggen,08-10-2024,Business
289,Whispers in the Wind,Chrissie Cominotti,18-07-2024,Entertainment
290,The Secret Garden,Chan Salvadori,17-09-2024,Health
291,Mystic Shadows,Gill Lloyds,03-12-2024,Entertainment
292,Whimsical Wonderland,Merry Redmile,19-10-2024,Travel
293,Dancing with Dragons,Lucretia Rylands,25-11-2024,Entertainment
294,Enchanted Dreams,Aretha Rennebach,10-04-2024,Home
295,Starlight Serenade,Larissa Siddaley,11-12-2024,Science
296,Starlight Serenade,Somerset Pech,05-08-2024,Fashion
297,Starlight Serenade,Noel Bodimeade,14-07-2024,Home
298,Dancing with Dragons,Evvy Margett,02-09-2024,Sports
299,Starlight Serenade,Bernarr Luckes,01-08-2024,Food
300,Mystic Shadows,Prissie Manolov,22-01-2025,Business
301,Dancing with Dragons,Samuele Postlewhite,23-03-2025,Entertainment
302,Whimsical Wonderland,Tedie Wathan,25-06-2024,Entertainment
303,Lost in Time,Dorolice Bruster,24-10-2024,Home
304,Whispers in the Wind,Arabela Bartaloni,03-02-2025,Sports
305,Lost in Time,Alyss Remon,10-03-2025,Entertainment
306,Echoes of Eternity,Keary Kerins,02-05-2024,Business
307,Midnight Moonlight,Deck Sainsberry,06-01-2025,Science
308,Whispers in the Wind,Ibrahim Ambrogini,25-11-2024,Food
309,The Secret Garden,Sher Fermer,27-09-2024,Health
310,Midnight Moonlight,Josi Squibe,14-08-2024,Business
311,Mystic Shadows,Burke Hampstead,29-04-2025,Home
312,Midnight Moonlight,Nobie Allsobrook,05-07-2024,Fashion
313,Whimsical Wonderland,Colan Duncanson,12-07-2024,Home
314,Enchanted Dreams,Daveta Moyser,06-09-2024,Technology
315,Midnight Moonlight,Nolan Dugall,31-07-2024,Travel
316,Dancing with Dragons,Deanne Safhill,08-12-2024,Fashion
317,Echoes of Eternity,Kassi Haughton,03-05-2024,Food
318,Mystic Shadows,Cyrus Skellon,28-05-2024,Business
319,Dancing with Dragons,Norry Timoney,18-10-2024,Fashion
320,Echoes of Eternity,Livy Cornforth,04-01-2025,Science
321,Mystic Shadows,Gayelord Lightfoot,14-05-2024,Health
322,Mystic Shadows,Bryant Tarbatt,07-09-2024,Health
323,Enchanted Dreams,Hermina Robertelli,24-08-2024,Fashion
324,Mystic Shadows,Meagan Garrie,09-06-2024,Home
325,Enchanted Dreams,Camilla Klaves,20-07-2024,Travel
326,Mystic Shadows,Addison Guidera,21-05-2024,Travel
327,Dancing with Dragons,Myrta Raynor,05-07-2024,Entertainment
328,Whispers in the Wind,Delia Lowdeane,19-06-2024,Home
329,Midnight Moonlight,Donna McGairl,31-03-2025,Science
330,Enchanted Dreams,Carmelina Heinish,20-04-2025,Business
331,Whimsical Wonderland,Collin Lazenbury,09-03-2025,Fashion
332,Midnight Moonlight,Webster Leavy,10-05-2024,Business
333,Starlight Serenade,Pembroke Falk,18-06-2024,Home
334,Whimsical Wonderland,Kittie Bernuzzi,06-11-2024,Business
335,Starlight Serenade,Kirsten Blonfield,10-07-2024,Sports
336,The Secret Garden,Nissy Water,23-09-2024,Home
337,The Secret Garden,Bentley Whitebrook,26-06-2024,Technology
338,Lost in Time,Anabella Jago,18-10-2024,Technology
339,The Secret Garden,Benedict Shorey,28-09-2024,Travel
340,Midnight Moonlight,Starlin Sunderland,14-10-2024,Sports
341,Whimsical Wonderland,Ximenez Gradley,26-11-2024,Sports
342,Whispers in the Wind,Clerc Cornthwaite,03-04-2024,Science
343,Lost in Time,Atlanta Fitzmaurice,25-02-2025,Science
344,Midnight Moonlight,Joli Costen,12-09-2024,Entertainment
345,Enchanted Dreams,Lindsey Petracchi,15-07-2024,Entertainment
346,Dancing with Dragons,Harald Lowthian,13-04-2024,Business
347,Midnight Moonlight,Dion Chinge de Hals,26-04-2025,Food
348,Whispers in the Wind,Lilia Havoc,10-11-2024,Sports
349,Enchanted Dreams,Gwennie Duns,13-12-2024,Technology
350,Starlight Serenade,Suzanna Mattes,19-12-2024,Business
351,Lost in Time,Noni Maccrea,22-10-2024,Business
352,Midnight Moonlight,Georgianna Bleazard,29-01-2025,Home
353,Mystic Shadows,Michel Tefft,05-12-2024,Home
354,Midnight Moonlight,Jemima Tevelov,18-02-2025,Home
355,Whimsical Wonderland,Twyla O'Hengerty,04-09-2024,Food
356,Whispers in the Wind,Shelagh Van Hesteren,05-08-2024,Food
357,Whimsical Wonderland,Zebulon Blaxeland,02-01-2025,Home
358,The Secret Garden,Rourke Leicester,21-07-2024,Sports
359,Echoes of Eternity,Giorgi Roadknight,24-03-2025,Science
360,Mystic Shadows,Jaclin Thorowgood,21-08-2024,Fashion
361,Lost in Time,Merrielle Featherstonhaugh,21-03-2025,Business
362,Starlight Serenade,Deana Bladge,15-12-2024,Science
363,Whimsical Wonderland,Allan Eshelby,19-07-2024,Fashion
364,Mystic Shadows,Annie Ranyelld,10-03-2025,Business
365,Lost in Time,Stanislaus Wilce,21-06-2024,Business
366,Whimsical Wonderland,Marylin Boullin,21-04-2024,Food
367,Lost in Time,Grayce Meryett,27-12-2024,Entertainment
368,Enchanted Dreams,Cecil Alleyne,13-06-2024,Home
369,The Secret Garden,Sile Smalles,22-02-2025,Technology
370,Enchanted Dreams,Barnabas McGrane,24-01-2025,Health
371,The Secret Garden,Windham Duckworth,03-07-2024,Science
372,Dancing with Dragons,Taryn McComiskie,23-02-2025,Sports
373,Echoes of Eternity,Loralyn Bosher,26-02-2025,Food
374,Dancing with Dragons,Dorisa Peckett,22-04-2024,Science
375,Lost in Time,Darrelle Keaton,17-04-2024,Fashion
376,Enchanted Dreams,Sutton Gilkison,26-11-2024,Entertainment
377,Whimsical Wonderland,Ewen Aldhous,02-06-2024,Home
378,Whimsical Wonderland,Gay Grantham,09-06-2024,Business
379,The Secret Garden,Hillary Leckey,15-03-2025,Home
380,The Secret Garden,Mikol Gooddie,30-06-2024,Travel
381,Whispers in the Wind,Karney Olyfat,16-11-2024,Travel
382,Enchanted Dreams,Paddy Panton,04-05-2024,Science
383,Whispers in the Wind,Sutherlan Van Velden,18-03-2025,Technology
384,Midnight Moonlight,Alvy Hastelow,18-02-2025,Travel
385,Starlight Serenade,Far Hitschke,19-04-2025,Home
386,Mystic Shadows,Emery Siddell,03-05-2024,Science
387,Dancing with Dragons,Lurleen Mackie,12-10-2024,Health
388,Lost in Time,Sydney Ciobotaru,08-04-2025,Entertainment
389,Whimsical Wonderland,Rodney Kibblewhite,02-04-2024,Travel
390,Whispers in the Wind,Herby Townes,07-07-2024,Sports
391,Whispers in the Wind,Eadmund Salomon,07-05-2024,Sports
392,Whimsical Wonderland,Norean Robardey,26-07-2024,Fashion
393,Mystic Shadows,Myrtia Diaper,25-04-2024,Business
394,Echoes of Eternity,Nikolas Hanaford,15-08-2024,Business
395,Whispers in the Wind,Patrizio Dublin,13-10-2024,Science
396,Midnight Moonlight,Catha Krale,26-11-2024,Fashion
397,Whispers in the Wind,Lindsay Allardyce,06-09-2024,Technology
398,Echoes of Eternity,Nada Geke,17-09-2024,Business
399,Enchanted Dreams,Collette Gianni,17-08-2024,Entertainment
400,Echoes of Eternity,Corabella Potzold,08-05-2024,Health
401,Starlight Serenade,Modestia Huffey,04-11-2024,Entertainment
402,Midnight Moonlight,Clare Ashment,13-01-2025,Technology
403,Starlight Serenade,Lilith Leads,22-07-2024,Home
404,The Secret Garden,Jaime Van Oort,13-07-2024,Fashion
405,Enchanted Dreams,Christoffer Baulcombe,02-11-2024,Sports
406,Dancing with Dragons,Lance Arnke,19-03-2025,Business
407,Dancing with Dragons,Darryl Repper,25-02-2025,Science
408,Dancing with Dragons,Egan Kob,23-10-2024,Food
409,Echoes of Eternity,Moyna Sapson,25-09-2024,Travel
410,Mystic Shadows,Bridie Rice,22-05-2024,Fashion
411,Echoes of Eternity,Letizia Mountfort,26-12-2024,Fashion
412,Whimsical Wonderland,Adrian Seifert,07-02-2025,Travel
413,Dancing with Dragons,Mechelle Matthew,16-06-2024,Fashion
414,Starlight Serenade,Cass Weiser,07-05-2024,Food
415,Echoes of Eternity,Linc Bearman,02-02-2025,Business
416,Lost in Time,Brenna Stanner,02-04-2025,Travel
417,Dancing with Dragons,Patrica McGraw,21-06-2024,Entertainment
418,The Secret Garden,Phedra Stenners,25-07-2024,Technology
419,Starlight Serenade,Izzy Benzie,24-11-2024,Technology
420,Echoes of Eternity,Thacher Lace,17-07-2024,Food
421,Whimsical Wonderland,Rolando Dorre,30-09-2024,Travel
422,The Secret Garden,Patrizia O'Sharry,05-04-2025,Travel
423,Midnight Moonlight,Hy Garthland,25-04-2025,Fashion
424,Starlight Serenade,Diena Presley,12-07-2024,Travel
425,Lost in Time,Antonius Sprasen,22-11-2024,Home
426,The Secret Garden,Nathalia Duckwith,14-09-2024,Sports
427,Echoes of Eternity,Marie-ann Durden,30-10-2024,Fashion
428,Mystic Shadows,Robbin Felstead,12-06-2024,Entertainment
429,Dancing with Dragons,Berkly Whines,09-07-2024,Home
430,Enchanted Dreams,Millisent Sorel,25-04-2025,Entertainment
431,Starlight Serenade,Georgianne Ferrero,08-09-2024,Sports
432,Mystic Shadows,Codi Davidman,26-05-2024,Food
433,Starlight Serenade,Fawne Lees,17-01-2025,Food
434,Starlight Serenade,Gaynor Draye,19-02-2025,Home
435,Mystic Shadows,Willy Bye,05-03-2025,Science
436,Whispers in the Wind,Doralyn Sutor,10-04-2024,Food
437,Midnight Moonlight,Shea Chasier,27-04-2024,Health
438,Starlight Serenade,Brande Roark,07-05-2024,Travel
439,Enchanted Dreams,Onfre Rimbault,02-04-2025,Technology
440,Echoes of Eternity,Packston Jennery,21-07-2024,Technology
441,Enchanted Dreams,Hastings McCoid,11-04-2025,Home
442,Dancing with Dragons,Dolores Newbury,07-07-2024,Entertainment
443,Whimsical Wonderland,Janet Sircomb,25-08-2024,Science
444,Starlight Serenade,August Brewett,24-08-2024,Health
445,The Secret Garden,Rebeka LAbbet,20-04-2024,Science
446,Enchanted Dreams,Berte Took,25-12-2024,Home
447,Whimsical Wonderland,Rena Hains,31-03-2025,Health
448,Whimsical Wonderland,Mandy Cockitt,17-08-2024,Technology
449,Lost in Time,Aldwin Rosenfeld,05-08-2024,Health
450,Starlight Serenade,Charla Jolley,23-05-2024,Business
451,Enchanted Dreams,Vivyan Rawson,25-11-2024,Food
452,The Secret Garden,Brande Arkcoll,01-05-2024,Technology
453,Whimsical Wonderland,Venita McDougall,25-02-2025,Home
454,Whimsical Wonderland,Fianna Bibey,04-01-2025,Home
455,Whispers in the Wind,Gianina Wedgwood,06-08-2024,Business
456,Lost in Time,Hortensia Clewlowe,29-08-2024,Fashion
457,The Secret Garden,Kristo Seiller,11-05-2024,Entertainment
458,Enchanted Dreams,Chauncey Gayter,08-04-2025,Entertainment
459,Whispers in the Wind,Estella Bradbrook,01-04-2024,Home
460,Whispers in the Wind,Carena Binnell,07-05-2024,Science
461,Mystic Shadows,Mady Wilse,20-04-2024,Travel
462,The Secret Garden,Rachele Bownde,06-04-2025,Home
463,Lost in Time,Mellisa Livezey,24-12-2024,Fashion
464,Echoes of Eternity,Fernando Whilder,04-08-2024,Science
465,Mystic Shadows,Muffin Deftie,21-01-2025,Food
466,Echoes of Eternity,Tiffie Lambot,12-12-2024,Food
467,Whimsical Wonderland,Brennan Mulkerrins,03-08-2024,Fashion
468,Starlight Serenade,Anna-maria Fairbeard,18-05-2024,Sports
469,The Secret Garden,Farris Geldert,11-09-2024,Health
470,Enchanted Dreams,Nicol Gehricke,09-07-2024,Entertainment
471,Mystic Shadows,Codi Squibb,26-08-2024,Entertainment
472,Whispers in the Wind,Vivienne Khosa,27-07-2024,Business
473,Mystic Shadows,Delbert Hamer,23-06-2024,Business
474,Enchanted Dreams,Henderson McCullogh,16-09-2024,Fashion
475,Enchanted Dreams,Cleon Yurin,13-04-2025,Travel
476,Dancing with Dragons,Elyssa Garfoot,02-09-2024,Fashion
477,Whispers in the Wind,De witt McNirlan,04-04-2025,Science
478,Enchanted Dreams,Rick Nerger,29-12-2024,Health
479,Dancing with Dragons,Tiffany Hoff,02-07-2024,Entertainment
480,Mystic Shadows,Kassia Gyves,28-07-2024,Science
481,Whispers in the Wind,Owen Puncher,29-12-2024,Fashion
482,Mystic Shadows,Augustine Yarnell,07-08-2024,Business
483,Starlight Serenade,Francesco Ticehurst,13-08-2024,Entertainment
484,Midnight Moonlight,Birch Lagde,15-02-2025,Entertainment
485,Enchanted Dreams,Garnet Rochell,17-05-2024,Entertainment
486,Mystic Shadows,Heath Benthall,09-02-2025,Science
487,Echoes of Eternity,Simona McCaskell,17-01-2025,Travel
488,Enchanted Dreams,Cammy Albrook,04-02-2025,Technology
489,Whispers in the Wind,Cassandre Plaide,22-06-2024,Travel
490,Lost in Time,Clerc Antosik,01-09-2024,Travel
491,Mystic Shadows,Dallon Yantsurev,27-04-2025,Business
492,Dancing with Dragons,Virgie Tremathack,06-05-2024,Technology
493,Echoes of Eternity,Noellyn Fellibrand,05-10-2024,Food
494,Whispers in the Wind,Annmarie MacAne,31-05-2024,Travel
495,Starlight Serenade,Karry Sjostrom,15-02-2025,Technology
496,Echoes of Eternity,Ruddie MacTrustie,16-09-2024,Travel
497,Enchanted Dreams,Jocko Lowerson,28-10-2024,Technology
498,Dancing with Dragons,Yasmeen Mallinar,01-10-2024,Entertainment
499,Mystic Shadows,Jackson Rushworth,07-12-2024,Food
500,Whimsical Wonderland,Moshe Mar,30-01-2025,Entertainment
501,Mystic Shadows,Hans Praundl,03-10-2024,Fashion
502,Echoes of Eternity,Portie Assad,23-09-2024,Entertainment
503,Midnight Moonlight,Damita Eymer,02-08-2024,Health
504,Starlight Serenade,Arther Behnke,20-12-2024,Science
505,The Secret Garden,Sheelah Dubarry,19-07-2024,Health
506,Mystic Shadows,Inessa South,21-01-2025,Food
507,Enchanted Dreams,Timothea Vero,22-06-2024,Technology
508,Whispers in the Wind,Danette Sorrie,03-05-2024,Fashion
509,Whimsical Wonderland,Doug Kilgannon,28-04-2024,Science
510,Echoes of Eternity,Warden Drinkel,28-04-2024,Home
511,Enchanted Dreams,Regan Hellyer,09-02-2025,Entertainment
512,Midnight Moonlight,Fairleigh Lammert,13-03-2025,Science
513,Enchanted Dreams,Denney Ainslee,20-10-2024,Sports
514,Mystic Shadows,Evangelia Scudamore,25-08-2024,Sports
515,Starlight Serenade,Marco Agate,31-12-2024,Home
516,Whimsical Wonderland,Maure Dabes,10-04-2025,Travel
517,Echoes of Eternity,Randall Nolan,18-11-2024,Travel
518,Lost in Time,Sibelle Cranton,29-06-2024,Science
519,Enchanted Dreams,Kipper Bricknell,19-11-2024,Sports
520,Mystic Shadows,Amery Peegrem,15-09-2024,Home
521,Midnight Moonlight,Abbot D'Oyley,10-06-2024,Home
522,Whimsical Wonderland,Jo Hatherill,03-09-2024,Fashion
523,Starlight Serenade,Angeline Kharchinski,28-11-2024,Health
524,Echoes of Eternity,Philis Cheyne,20-02-2025,Entertainment
525,Lost in Time,Claiborn Bein,20-04-2024,Sports
526,Lost in Time,Rosalynd Condit,30-07-2024,Home
527,Starlight Serenade,Augusta Whitchurch,04-04-2025,Entertainment
528,Starlight Serenade,Drusi Skydall,22-01-2025,Entertainment
529,Whimsical Wonderland,Maddy Sharply,03-12-2024,Sports
530,The Secret Garden,Colette Minker,03-12-2024,Health
531,Mystic Shadows,Ardyce Donat,26-04-2024,Home
532,Dancing with Dragons,Merrile McLese,12-10-2024,Technology
533,Whispers in the Wind,Abagael Markie,14-09-2024,Travel
534,Dancing with Dragons,Karissa MacKall,07-03-2025,Sports
535,Midnight Moonlight,Kay Cogswell,28-08-2024,Home
536,Enchanted Dreams,Violette Coorington,03-04-2024,Science
537,Mystic Shadows,Lorenzo Le Barre,24-06-2024,Health
538,Midnight Moonlight,Alfy Wingar,19-11-2024,Entertainment
539,Enchanted Dreams,Sioux Parriss,02-12-2024,Fashion
540,Echoes of Eternity,Britteny Addenbrooke,07-02-2025,Science
541,Whimsical Wonderland,Barron Silvester,23-08-2024,Business
542,Echoes of Eternity,Matthus Ainslie,29-09-2024,Science
543,Starlight Serenade,Lindsay Fitzharris,16-01-2025,Fashion
544,Starlight Serenade,Padgett Stiebler,22-05-2024,Health
545,Whispers in the Wind,Thomasina Adderson,10-04-2024,Technology
546,Echoes of Eternity,Darcee Atwill,08-04-2025,Fashion
547,Enchanted Dreams,Delly Grimsdike,05-11-2024,Business
548,Whispers in the Wind,Tod Saunton,07-12-2024,Business
549,Whimsical Wonderland,Westbrooke Mixworthy,04-04-2024,Fashion
550,Whimsical Wonderland,Caressa Barnish,26-10-2024,Science
551,Whimsical Wonderland,Akim Fawson,14-02-2025,Science
552,Enchanted Dreams,Grazia Yerrill,29-06-2024,Technology
553,Echoes of Eternity,Onida Mulheron,26-02-2025,Home
554,Whimsical Wonderland,Evelin Badam,17-07-2024,Food
555,Mystic Shadows,Augustine Athow,17-12-2024,Sports
556,Enchanted Dreams,Brandi Gruszecki,26-12-2024,Business
557,Midnight Moonlight,Theo Hirtz,26-03-2025,Business
558,Enchanted Dreams,Anastasia Dowley,16-03-2025,Science
559,Midnight Moonlight,Lennie Rutter,03-05-2024,Travel
560,Dancing with Dragons,Polly Wimpey,15-09-2024,Science
561,Enchanted Dreams,Larine Bussey,02-01-2025,Entertainment
562,Whimsical Wonderland,Calla Ferguson,29-05-2024,Health
563,The Secret Garden,Paten Bunhill,01-12-2024,Sports
564,Starlight Serenade,Cathie Ballintime,31-12-2024,Home
565,Mystic Shadows,Ave Chattock,30-10-2024,Sports
566,Starlight Serenade,Ernst Fonzone,04-08-2024,Health
567,Starlight Serenade,Mathias Crippen,04-12-2024,Health
568,Enchanted Dreams,Dusty Pudner,25-06-2024,Entertainment
569,Mystic Shadows,Valentine Colley,17-02-2025,Fashion
570,Dancing with Dragons,Tarah Eles,29-10-2024,Technology
571,Starlight Serenade,Alisa Aire,22-09-2024,Science
572,Midnight Moonlight,Pier Aleksidze,09-05-2024,Fashion
573,Whispers in the Wind,Ned Beeke,19-11-2024,Science
574,Whispers in the Wind,Lorraine Sapshed,21-04-2024,Science
575,Dancing with Dragons,Tye Prahl,17-10-2024,Technology
576,Midnight Moonlight,Suzann Clendinning,02-04-2024,Science
577,Midnight Moonlight,Timmie Jessup,14-07-2024,Business
578,Dancing with Dragons,Ferdie Greyes,07-01-2025,Sports
579,Echoes of Eternity,Tessy Vasilchenko,13-03-2025,Health
580,Echoes of Eternity,Thom Shurey,15-04-2024,Home
581,Mystic Shadows,Chico Lilywhite,08-08-2024,Sports
582,The Secret Garden,Mady Frankiewicz,08-07-2024,Entertainment
583,Starlight Serenade,Josy Kirsch,07-03-2025,Business
584,Midnight Moonlight,Arley McKerron,27-04-2025,Fashion
585,The Secret Garden,Eugen Breckell,25-04-2024,Entertainment
586,Whimsical Wonderland,Llewellyn Mattessen,31-07-2024,Health
587,Echoes of Eternity,Torey O'Flannery,11-12-2024,Food
588,Whimsical Wonderland,Pascal Chasier,07-04-2025,Home
589,Enchanted Dreams,Orion Bartosek,24-02-2025,Science
590,Mystic Shadows,Nonah Conaboy,27-12-2024,Health
591,Echoes of Eternity,Morganica Spinozzi,08-04-2025,Fashion
592,Dancing with Dragons,Charmain Jurewicz,21-10-2024,Sports
593,Echoes of Eternity,Pattie Larter,12-10-2024,Travel
594,Midnight Moonlight,Laney Siccombe,09-07-2024,Technology
595,Lost in Time,Errick Lambin,24-04-2025,Business
596,Midnight Moonlight,Dusty Petran,11-06-2024,Entertainment
597,Whispers in the Wind,Towney Willcox,02-09-2024,Sports
598,Starlight Serenade,Dav Jessel,07-05-2024,Fashion
599,Echoes of Eternity,Delila Springthorp,02-04-2025,Fashion
600,Enchanted Dreams,Sheffield Ronaldson,14-11-2024,Health
601,The Secret Garden,Justina Bladen,06-02-2025,Food
602,Mystic Shadows,Egbert Hatliff,27-11-2024,Food
603,Enchanted Dreams,Meriel Mauro,07-05-2024,Health
604,Dancing with Dragons,Adelle Newport,22-11-2024,Home
605,Midnight Moonlight,Dionis Gartshore,26-08-2024,Science
606,Whimsical Wonderland,Tades Timms,12-11-2024,Sports
607,Midnight Moonlight,Bran Jimpson,15-11-2024,Technology
608,The Secret Garden,Earvin Le Franc,30-09-2024,Health
609,Dancing with Dragons,April Mont,01-07-2024,Business
610,Starlight Serenade,Bryn Spaxman,11-06-2024,Travel
611,Lost in Time,Pammi Mapson,12-07-2024,Entertainment
612,Starlight Serenade,Verena Cusick,13-04-2024,Fashion
613,Enchanted Dreams,Ara Meddick,06-09-2024,Food
614,Echoes of Eternity,Ardys Siemens,18-11-2024,Travel
615,Whispers in the Wind,Terza Fisby,03-12-2024,Fashion
616,The Secret Garden,Aldus Carty,03-01-2025,Food
617,Midnight Moonlight,Jedidiah Feaveryear,23-01-2025,Food
618,Mystic Shadows,Ade Cavill,02-08-2024,Technology
619,Midnight Moonlight,Hermy Pember,02-06-2024,Fashion
620,Midnight Moonlight,Bambie Laterza,08-06-2024,Food
621,Starlight Serenade,Fanni Ridolfi,20-04-2024,Science
622,Midnight Moonlight,Rockwell Waleworke,19-02-2025,Business
623,Whimsical Wonderland,Lindsey Leggott,06-12-2024,Business
624,Dancing with Dragons,Wilt Eddowes,10-11-2024,Business
625,The Secret Garden,Jobie Pickston,07-11-2024,Health
626,Dancing with Dragons,Mathian Redpath,21-03-2025,Entertainment
627,Echoes of Eternity,Cynthia Rives,16-05-2024,Sports
628,Whimsical Wonderland,Gaby Sheahan,28-08-2024,Technology
629,Enchanted Dreams,Garret Bluett,16-04-2025,Sports
630,Whispers in the Wind,Francisco Fidgeon,31-07-2024,Business
631,Lost in Time,Paula Moncaster,29-05-2024,Travel
632,Dancing with Dragons,Vladamir Roux,04-04-2025,Entertainment
633,Midnight Moonlight,Sheffy Downse,14-11-2024,Technology
634,Lost in Time,Barrie Curley,13-04-2024,Fashion
635,Whispers in the Wind,Aindrea Kettlestringe,22-07-2024,Travel
636,Mystic Shadows,Moses Wrey,05-01-2025,Travel
637,Whispers in the Wind,Ingeberg Hercules,09-02-2025,Sports
638,Whimsical Wonderland,Anders Stalf,06-06-2024,Business
639,Echoes of Eternity,Berni Gummie,11-11-2024,Entertainment
640,Starlight Serenade,Marj Jagielski,26-01-2025,Science
641,Lost in Time,Johannes Hartland,28-09-2024,Technology
642,Echoes of Eternity,Jordon Kernley,03-07-2024,Food
643,Whimsical Wonderland,Rorie Weeds,16-10-2024,Sports
644,Midnight Moonlight,Care Leed,26-08-2024,Sports
645,Whimsical Wonderland,Cathe Swetman,25-10-2024,Food
646,Enchanted Dreams,Eustacia Shaddick,17-04-2025,Business
647,Mystic Shadows,Idaline Pietesch,18-09-2024,Home
648,Midnight Moonlight,Sissy Duigan,08-08-2024,Business
649,Enchanted Dreams,Hurlee Moggle,13-09-2024,Health
650,Whimsical Wonderland,Any Wyon,02-03-2025,Technology
651,Lost in Time,Maurine Conibeer,16-12-2024,Home
652,Whimsical Wonderland,Steffie Iliffe,29-06-2024,Food
653,Whimsical Wonderland,Lil Vicioso,04-01-2025,Fashion
654,Whimsical Wonderland,Gerhard Dowears,29-04-2025,Sports
655,Starlight Serenade,Lebbie Giraldon,18-04-2025,Travel
656,Echoes of Eternity,Erie Surtees,08-04-2025,Home
657,Echoes of Eternity,Florida Duval,24-07-2024,Food
658,The Secret Garden,Leopold Neggrini,24-08-2024,Food
659,Enchanted Dreams,Philbert Sauter,22-12-2024,Business
660,Whimsical Wonderland,Tootsie Daintree,26-08-2024,Fashion
661,Starlight Serenade,Wayne Rowatt,08-12-2024,Technology
662,Enchanted Dreams,Mariann Simonitto,08-01-2025,Travel
663,Whispers in the Wind,Elysee Oldaker,29-09-2024,Fashion
664,Whispers in the Wind,Isacco Tullett,19-05-2024,Science
665,Mystic Shadows,Aurel Clausson,18-04-2024,Science
666,Enchanted Dreams,Camel Galliard,19-01-2025,Health
667,The Secret Garden,Rania Tutton,24-10-2024,Health
668,Whimsical Wonderland,Fulton Kruszelnicki,27-09-2024,Sports
669,Whimsical Wonderland,Delly Lamdin,07-03-2025,Science
670,Whimsical Wonderland,Babara Pettingill,01-04-2025,Sports
671,Lost in Time,Hester Byatt,20-03-2025,Business
672,Midnight Moonlight,Rudolfo Ormrod,11-04-2024,Entertainment
673,Lost in Time,Thea Corzor,03-05-2024,Entertainment
674,Midnight Moonlight,Huberto Gianni,15-06-2024,Travel
675,Dancing with Dragons,Archer Coulbeck,06-03-2025,Science
676,Echoes of Eternity,Aldin Marson,16-05-2024,Sports
677,Whimsical Wonderland,Titos Leyshon,07-07-2024,Science
678,Whimsical Wonderland,Wolfgang Bischoff,07-04-2025,Entertainment
679,Whimsical Wonderland,Celestine Kitt,15-03-2025,Business
680,Dancing with Dragons,Ellwood Le Fevre,28-04-2025,Home
681,Midnight Moonlight,Ev Gorst,11-01-2025,Home
682,Echoes of Eternity,Elke Nuzzetti,21-04-2025,Science
683,Mystic Shadows,Maynord Aynsley,28-01-2025,Travel
684,Mystic Shadows,Isabelle Gooms,08-10-2024,Sports
685,Dancing with Dragons,Marj Castanho,24-11-2024,Sports
686,Enchanted Dreams,Hayyim Mottini,08-02-2025,Food
687,Whispers in the Wind,Letitia Keemer,02-07-2024,Fashion
688,Lost in Time,Vanna Bernat,24-10-2024,Entertainment
689,Dancing with Dragons,Kaja Organer,14-04-2024,Health
690,Whispers in the Wind,Bastian Caizley,15-02-2025,Business
691,Midnight Moonlight,Jerald Trengove,17-07-2024,Health
692,The Secret Garden,Nola Van Hove,01-08-2024,Entertainment
693,Midnight Moonlight,Rivalee Calderwood,23-01-2025,Food
694,Whispers in the Wind,Randall Davisson,07-12-2024,Technology
695,Echoes of Eternity,Burty Zielinski,21-08-2024,Fashion
696,Midnight Moonlight,Jo Northridge,17-02-2025,Business
697,Enchanted Dreams,Susy Wills,05-02-2025,Science
698,Starlight Serenade,Edgard Gringley,09-07-2024,Entertainment
699,Mystic Shadows,Edie Romao,02-05-2024,Health
700,Whispers in the Wind,Martie Pelos,12-06-2024,Sports
701,Whimsical Wonderland,Broderick Bigmore,19-12-2024,Health
702,Midnight Moonlight,Jake Bernier,08-10-2024,Technology
703,The Secret Garden,Wolfie Johanning,12-05-2024,Food
704,The Secret Garden,Hubert Knights,25-11-2024,Fashion
705,Midnight Moonlight,Merrill Swanger,21-04-2025,Technology
706,Mystic Shadows,Augustina Sargint,10-05-2024,Travel
707,Mystic Shadows,Layla McAllan,07-05-2024,Entertainment
708,Whimsical Wonderland,Andonis Janusz,26-08-2024,Travel
709,Starlight Serenade,Bruno Selly,02-05-2024,Fashion
710,Echoes of Eternity,Dyanna Kester,03-09-2024,Home
711,Whispers in the Wind,Lydon Yakutin,14-12-2024,Sports
712,Dancing with Dragons,Lazar Skellington,25-05-2024,Home
713,Whimsical Wonderland,Eunice Sweett,14-10-2024,Science
714,Whimsical Wonderland,Deane Fibben,24-04-2025,Technology
715,Whimsical Wonderland,Staffard Pridmore,11-02-2025,Sports
716,Midnight Moonlight,Willetta Giraux,04-12-2024,Food
717,Enchanted Dreams,Marcellus Estrella,15-04-2025,Sports
718,Dancing with Dragons,Alister Brosenius,01-06-2024,Science
719,Enchanted Dreams,Charlie Lethardy,02-11-2024,Home
720,Whispers in the Wind,Vincenz Hudson,16-03-2025,Home
721,Midnight Moonlight,Margareta Frenzl,29-09-2024,Technology
722,Lost in Time,Kelsy Farbrother,21-05-2024,Science
723,Midnight Moonlight,Phaedra Marfe,14-12-2024,Travel
724,Dancing with Dragons,Helsa Champain,28-04-2024,Home
725,Dancing with Dragons,Ruy Lithcow,14-03-2025,Home
726,The Secret Garden,Georas Folan,17-04-2024,Health
727,Whispers in the Wind,Evelina Cubbinelli,17-03-2025,Sports
728,Dancing with Dragons,Nathanael Tomaskov,21-04-2025,Fashion
729,Lost in Time,Daloris Mears,04-01-2025,Sports
730,Lost in Time,Janelle De Bruin,28-06-2024,Sports
731,Mystic Shadows,Guido Pannaman,10-01-2025,Travel
732,Echoes of Eternity,Brice Lehrer,07-05-2024,Health
733,Echoes of Eternity,Karrie Redmayne,21-10-2024,Home
734,Lost in Time,Clareta Beardow,12-04-2024,Science
735,Mystic Shadows,Marylin Fielden,11-08-2024,Business
736,Midnight Moonlight,Jackie Doppler,06-03-2025,Entertainment
737,The Secret Garden,Lotta Challinor,04-07-2024,Technology
738,Whimsical Wonderland,Dorotea Twelvetrees,05-11-2024,Home
739,Mystic Shadows,Rhetta Turnor,07-09-2024,Food
740,The Secret Garden,May Jehan,06-11-2024,Fashion
741,The Secret Garden,Emogene Dimeloe,13-09-2024,Entertainment
742,Whimsical Wonderland,Kalli Ferriby,20-02-2025,Travel
743,Whispers in the Wind,Homere Dobbinson,03-09-2024,Health
744,Midnight Moonlight,Debor Akred,20-05-2024,Science
745,The Secret Garden,Tore Laval,03-03-2025,Home
746,Whimsical Wonderland,Guillermo Fenn,11-06-2024,Entertainment
747,The Secret Garden,Gusella Shone,10-10-2024,Fashion
748,Midnight Moonlight,Alvera Ahearne,21-04-2025,Food
749,Lost in Time,Nichole Giriardelli,18-04-2025,Food
750,Lost in Time,Tibold Betts,12-12-2024,Sports
751,Midnight Moonlight,Noam Bosanko,23-07-2024,Science
752,The Secret Garden,Maurita Jardein,20-07-2024,Technology
753,Midnight Moonlight,Saundra Foxwell,08-04-2025,Travel
754,Lost in Time,Enrika MacKowle,09-03-2025,Sports
755,Enchanted Dreams,Abel Fedynski,09-01-2025,Health
756,Midnight Moonlight,Boyce Beining,21-06-2024,Business
757,Midnight Moonlight,Cecilia Androck,17-02-2025,Sports
758,Midnight Moonlight,Kellyann Vears,02-08-2024,Home
759,Dancing with Dragons,Stacie Hegel,10-10-2024,Entertainment
760,Dancing with Dragons,Ferne Vayne,15-02-2025,Home
761,Echoes of Eternity,Averell Jahnisch,03-01-2025,Travel
762,Midnight Moonlight,Corney Duffitt,24-04-2025,Science
763,Dancing with Dragons,Raphael Brosh,17-05-2024,Fashion
764,Starlight Serenade,Cordie Housbie,27-09-2024,Sports
765,Enchanted Dreams,Dulcine Bottrell,03-04-2025,Food
766,Whimsical Wonderland,Lavena Phippen,16-12-2024,Home
767,Whimsical Wonderland,Cammi Lamberti,12-12-2024,Travel
768,Echoes of Eternity,Karim Aleavy,10-09-2024,Sports
769,The Secret Garden,Liuka Phizackerly,24-11-2024,Science
770,Echoes of Eternity,Antoinette Fernyhough,10-05-2024,Health
771,Lost in Time,Karil Basnett,30-07-2024,Entertainment
772,The Secret Garden,Reinald Semens,29-06-2024,Technology
773,Dancing with Dragons,Allyce Kundt,08-10-2024,Entertainment
774,Lost in Time,Herman Kirk,10-02-2025,Entertainment
775,Dancing with Dragons,Darwin Went,26-04-2024,Home
776,Dancing with Dragons,Ryun Gawler,04-11-2024,Business
777,Whimsical Wonderland,Jermaine Stilldale,16-08-2024,Science
778,Dancing with Dragons,Wynny Bushby,27-06-2024,Technology
779,Starlight Serenade,Jennine Birkenhead,09-06-2024,Technology
780,Mystic Shadows,Lon Jarry,19-01-2025,Science
781,Dancing with Dragons,Lorianne Fosserd,11-05-2024,Business
782,The Secret Garden,Jere Greenleaf,01-05-2024,Technology
783,Midnight Moonlight,Gregoire D'Andrea,07-10-2024,Science
784,Starlight Serenade,Sheelagh Waleworke,11-12-2024,Entertainment
785,Midnight Moonlight,Dud Rudolfer,30-12-2024,Travel
786,Echoes of Eternity,Merilee Lowdyane,24-12-2024,Fashion
787,Midnight Moonlight,Roy Gerrelts,05-12-2024,Science
788,Dancing with Dragons,Albie Showler,05-07-2024,Health
789,Starlight Serenade,Spense O'Hone,02-04-2024,Science
790,Lost in Time,Dana Flea,11-05-2024,Fashion
791,Midnight Moonlight,Earvin Debney,03-06-2024,Science
792,Dancing with Dragons,Mar Wooller,04-04-2024,Food
793,Whimsical Wonderland,Roberto Jest,14-05-2024,Business
794,Dancing with Dragons,Guenevere Bambridge,03-04-2025,Health
795,Mystic Shadows,Rebe Dubber,06-12-2024,Health
796,Whispers in the Wind,Cecilia Baumber,27-11-2024,Home
797,Echoes of Eternity,Carlos Brosoli,29-08-2024,Sports
798,Midnight Moonlight,Bronson Damerell,20-10-2024,Science
799,Enchanted Dreams,Elysha Tidbald,23-11-2024,Entertainment
800,Starlight Serenade,Karlyn Schermick,09-01-2025,Science
801,The Secret Garden,Daphna Ebdon,27-05-2024,Health
802,Whispers in the Wind,Rudyard Hackworth,18-06-2024,Entertainment
803,Whispers in the Wind,Nicolea Clementson,26-08-2024,Food
804,Dancing with Dragons,Olivie Coghlin,08-09-2024,Technology
805,Echoes of Eternity,Christabel Busen,10-11-2024,Food
806,Lost in Time,Augustin Farbrace,30-04-2024,Travel
807,Midnight Moonlight,Debee Cuniffe,04-01-2025,Home
808,Starlight Serenade,Bryn Hug,30-10-2024,Business
809,The Secret Garden,Rebekah Bing,14-04-2025,Science
810,Whimsical Wonderland,Anatollo Haydney,09-04-2025,Home
811,Lost in Time,Gae Bartosinski,05-12-2024,Travel
812,Dancing with Dragons,Eden Skipsey,07-06-2024,Entertainment
813,Echoes of Eternity,Nicola Sabey,06-01-2025,Food
814,Starlight Serenade,Mord Gatesman,27-10-2024,Home
815,Midnight Moonlight,Olivero Instrell,07-04-2025,Travel
816,Whimsical Wonderland,Hermann Naulls,03-03-2025,Business
817,Mystic Shadows,Deerdre Buncher,25-04-2024,Home
818,The Secret Garden,Colleen Dellenbrok,12-07-2024,Science
819,Mystic Shadows,Moise Rigge,13-06-2024,Business
820,Dancing with Dragons,Westley Qualtrough,13-09-2024,Fashion
821,Lost in Time,Dennie Hamper,25-10-2024,Health
822,Mystic Shadows,Vonny Roswarn,13-04-2025,Health
823,Lost in Time,Thaine Galiero,14-05-2024,Health
824,Dancing with Dragons,Rolando Fridaye,31-10-2024,Technology
825,Dancing with Dragons,Jaynell Gergely,01-09-2024,Food
826,Lost in Time,Giorgia Lamps,18-07-2024,Sports
827,Whimsical Wonderland,Michael McGillreich,08-04-2024,Entertainment
828,Echoes of Eternity,Bronny Goodyer,03-04-2024,Travel
829,Dancing with Dragons,Gerome Cockett,17-12-2024,Entertainment
830,Dancing with Dragons,Joyous Rontsch,21-10-2024,Science
831,Lost in Time,Bartolomeo Gabotti,15-03-2025,Sports
832,Dancing with Dragons,Valentine Seydlitz,19-01-2025,Food
833,Midnight Moonlight,Charla Dechelle,08-04-2025,Health
834,Whimsical Wonderland,Nicoli Mickan,22-04-2024,Entertainment
835,Starlight Serenade,Danni Dragon,26-03-2025,Health
836,Starlight Serenade,Harlan Curnock,27-01-2025,Travel
837,Whispers in the Wind,Bridget Guerreiro,15-05-2024,Business
838,Whispers in the Wind,Parke Tyas,01-04-2025,Science
839,Echoes of Eternity,Ricoriki Kimmince,24-08-2024,Sports
840,Whispers in the Wind,Wanda Calvard,07-10-2024,Food
841,Dancing with Dragons,Ashlen Dudderidge,18-04-2024,Food
842,Enchanted Dreams,Piggy Normanvell,15-08-2024,Home
843,Dancing with Dragons,Bastien Danbury,02-09-2024,Business
844,Whispers in the Wind,Reba Shorthill,22-01-2025,Food
845,Echoes of Eternity,Rolf Kopke,20-08-2024,Business
846,Midnight Moonlight,Daryle Gawkroge,08-04-2024,Sports
847,The Secret Garden,Isahella Durrad,30-08-2024,Entertainment
848,Whimsical Wonderland,Nathaniel Zute,23-11-2024,Entertainment
849,Dancing with Dragons,Rufe Sisselot,04-04-2025,Food
850,Echoes of Eternity,Aeriell Dearlove,14-05-2024,Entertainment
851,Starlight Serenade,Holden Ferriere,15-06-2024,Business
852,Echoes of Eternity,Augustus Devorill,29-06-2024,Science
853,Mystic Shadows,Selma Riceards,06-01-2025,Business
854,Whispers in the Wind,Phillis Lanfere,14-12-2024,Health
855,Echoes of Eternity,Alys Matley,11-04-2024,Technology
856,Whimsical Wonderland,Suzy Denyakin,06-04-2025,Sports
857,Enchanted Dreams,Katusha Tunnock,10-02-2025,Travel
858,Lost in Time,Edward Temblett,15-07-2024,Technology
859,Echoes of Eternity,Dexter Jakab,02-02-2025,Science
860,Whispers in the Wind,Yankee Connah,25-08-2024,Business
861,Dancing with Dragons,Birgitta Losselyong,21-04-2025,Business
862,Echoes of Eternity,Tammie Woolhouse,15-04-2024,Sports
863,Mystic Shadows,Charmion Newlands,14-10-2024,Home
864,The Secret Garden,Gavin Conry,07-06-2024,Business
865,Enchanted Dreams,Tomaso Thorbon,03-12-2024,Food
866,Lost in Time,Constancy Cromett,26-12-2024,Fashion
867,Midnight Moonlight,Rex Fincken,21-06-2024,Food
868,Whispers in the Wind,Jessamyn Collerd,22-03-2025,Sports
869,The Secret Garden,Eamon Frankton,18-04-2024,Technology
870,Midnight Moonlight,Micki Van Brug,24-07-2024,Sports
871,Mystic Shadows,Margi Staines,11-04-2025,Health
872,Whimsical Wonderland,Romain Bucknell,16-09-2024,Home
873,Starlight Serenade,Elenore Vagg,07-10-2024,Home
874,Enchanted Dreams,Roxi Dymocke,29-08-2024,Entertainment
875,Lost in Time,Darby Hatcher,24-09-2024,Business
876,Whispers in the Wind,Gino Bryde,24-09-2024,Fashion
877,Whispers in the Wind,Felicio Allcoat,05-09-2024,Home
878,Lost in Time,Susette Terese,29-07-2024,Health
879,The Secret Garden,Tamar McIlvaney,06-06-2024,Technology
880,Enchanted Dreams,Konstantine Heaffey,28-06-2024,Fashion
881,The Secret Garden,Edouard Fleischer,16-09-2024,Home
882,Enchanted Dreams,Antonino Chattington,18-08-2024,Travel
883,Whispers in the Wind,Ezri Eastridge,05-09-2024,Technology
884,Starlight Serenade,Felic Niess,04-07-2024,Food
885,Starlight Serenade,Maisey Loomes,20-04-2025,Sports
886,Mystic Shadows,Nanon Cristofori,20-06-2024,Entertainment
887,Lost in Time,Dacie Higgoe,19-03-2025,Health
888,Lost in Time,Timmy Blaxter,11-12-2024,Travel
889,Dancing with Dragons,Hi Ricks,13-03-2025,Health
890,The Secret Garden,Marjory Simmins,22-02-2025,Fashion
891,Whimsical Wonderland,William Ostridge,22-01-2025,Technology
892,Lost in Time,Kristal Flecknell,28-04-2025,Sports
893,The Secret Garden,Julita McGuane,11-03-2025,Home
894,The Secret Garden,Giraud Enrich,09-11-2024,Fashion
895,Midnight Moonlight,Fernanda Liebermann,15-04-2025,Science
896,Starlight Serenade,Denny Lujan,17-08-2024,Home
897,Enchanted Dreams,Glenden Asken,06-09-2024,Science
898,Lost in Time,Chalmers Peyro,10-04-2025,Fashion
899,Lost in Time,Korry Wink,17-12-2024,Food
900,Starlight Serenade,Bearnard Del Castello,15-04-2024,Technology
901,Starlight Serenade,Binni Rainbow,27-03-2025,Fashion
902,The Secret Garden,Ly Blonfield,02-12-2024,Entertainment
903,Mystic Shadows,Petey Cash,11-10-2024,Travel
904,Enchanted Dreams,Lazarus Lacoste,05-01-2025,Technology
905,The Secret Garden,Wilmar Le Frank,14-08-2024,Food
906,Enchanted Dreams,Theresita Newrick,30-01-2025,Food
907,Whimsical Wonderland,Ofella Percy,05-04-2024,Fashion
908,Lost in Time,Cindie Bafford,12-06-2024,Travel
909,Mystic Shadows,Helaina Punt,14-08-2024,Home
910,Lost in Time,Valenka Dearlove,19-03-2025,Technology
911,Echoes of Eternity,Vevay Pfaffe,12-12-2024,Science
912,Dancing with Dragons,Veronika Bourbon,20-09-2024,Food
913,Whispers in the Wind,Zach Cusick,11-08-2024,Home
914,Mystic Shadows,Hyacinthe Headley,09-09-2024,Health
915,Starlight Serenade,Dorolisa Gillebert,18-05-2024,Science
916,Whispers in the Wind,Norby Tanguy,04-10-2024,Business
917,Dancing with Dragons,Kim Romain,30-12-2024,Health
918,Whispers in the Wind,Rhiamon Dzeniskevich,08-07-2024,Science
919,Starlight Serenade,Wileen Doberer,22-05-2024,Science
920,Echoes of Eternity,Brandyn Pheasant,06-02-2025,Fashion
921,Mystic Shadows,Jabez Beebe,21-11-2024,Travel
922,Echoes of Eternity,Friedrich Castagneri,08-01-2025,Fashion
923,Echoes of Eternity,Gualterio Sizeland,26-03-2025,Home
924,Enchanted Dreams,Regina Burchill,25-07-2024,Business
925,The Secret Garden,Nicki Bickley,03-05-2024,Travel
926,Starlight Serenade,Meta Limpenny,04-02-2025,Sports
927,Whispers in the Wind,Godfry Charrett,26-05-2024,Business
928,Dancing with Dragons,Brooks Haukey,08-05-2024,Food
929,The Secret Garden,Ruprecht Tripp,18-08-2024,Food
930,Midnight Moonlight,Hillel Vinck,22-06-2024,Fashion
931,Whimsical Wonderland,Casar Parkhouse,27-09-2024,Sports
932,The Secret Garden,Rani Maccree,18-04-2024,Sports
933,Lost in Time,Keenan Pactat,22-11-2024,Sports
934,Enchanted Dreams,Rowney Bellefant,15-07-2024,Technology
935,Dancing with Dragons,Aleda Dowtry,30-05-2024,Technology
936,The Secret Garden,Shawnee McCoy,16-01-2025,Travel
937,Dancing with Dragons,Mallorie Glasscock,26-10-2024,Food
938,Dancing with Dragons,Marty Lohmeyer,02-11-2024,Science
939,Enchanted Dreams,Elianora Beekmann,07-06-2024,Sports
940,Starlight Serenade,Rutter Willock,17-12-2024,Business
941,Echoes of Eternity,Riobard Goose,30-05-2024,Business
942,Enchanted Dreams,Guillermo Dutton,03-07-2024,Fashion
943,Echoes of Eternity,Ivor Olfert,12-04-2025,Technology
944,Starlight Serenade,Clayborn McNamara,10-02-2025,Health
945,Echoes of Eternity,Katerine Stephens,07-01-2025,Science
946,Mystic Shadows,Lita Kainz,16-04-2024,Fashion
947,Echoes of Eternity,Byrle Keunemann,11-02-2025,Technology
948,Enchanted Dreams,Bernita Allpress,26-10-2024,Health
949,Enchanted Dreams,Merilyn Yosselevitch,26-12-2024,Technology
950,Mystic Shadows,Quintus Cartmell,02-10-2024,Health
951,Whimsical Wonderland,Mirelle Groll,11-10-2024,Entertainment
952,The Secret Garden,Bryna Carnalan,26-03-2025,Fashion
953,Echoes of Eternity,Ivett Glackin,12-08-2024,Entertainment
954,Enchanted Dreams,Ilario Brownsword,09-01-2025,Fashion
955,Enchanted Dreams,Anna-diane Putman,18-04-2025,Business
956,Echoes of Eternity,Honey Sanz,01-12-2024,Home
957,Dancing with Dragons,Max Kruszelnicki,01-08-2024,Technology
958,Whispers in the Wind,Demeter Starkings,18-10-2024,Technology
959,The Secret Garden,Parke Thick,27-01-2025,Food
960,Enchanted Dreams,Geraldine Prester,12-04-2025,Food
961,Midnight Moonlight,Nicolea Gallifont,01-07-2024,Science
962,Mystic Shadows,Agnese Fitzsymons,16-05-2024,Sports
963,Mystic Shadows,Mal Bleazard,12-06-2024,Fashion
964,The Secret Garden,Danella Brehault,18-10-2024,Entertainment
965,Starlight Serenade,Harrie Bennie,04-01-2025,Business
966,Enchanted Dreams,Constantin Miskin,19-10-2024,Food
967,The Secret Garden,Michelle Kermannes,24-03-2025,Fashion
968,Whimsical Wonderland,Ari Harkus,23-04-2024,Food
969,Mystic Shadows,Kirsten McKernon,06-04-2024,Science
970,Enchanted Dreams,Celestine Lamprecht,27-02-2025,Technology
971,Starlight Serenade,Melania Gosswell,01-08-2024,Home
972,Dancing with Dragons,Sigismond Bowry,19-06-2024,Science
973,Starlight Serenade,Enrica Clemson,05-07-2024,Fashion
974,Mystic Shadows,Ruttger Peert,27-06-2024,Entertainment
975,The Secret Garden,Darrin Groveham,01-04-2024,Health
976,Enchanted Dreams,Rowena Simioli,22-03-2025,Health
977,Whispers in the Wind,Conny Garrould,21-10-2024,Science
978,Whispers in the Wind,Janek Lissimore,05-07-2024,Entertainment
979,Whispers in the Wind,Maighdiln Bretton,18-06-2024,Business
980,Whispers in the Wind,Aleen Paramore,04-05-2024,Entertainment
981,Lost in Time,Erinna Crole,30-06-2024,Business
982,Enchanted Dreams,Benedikta Hallen,26-11-2024,Health
983,Midnight Moonlight,Alister Vial,18-05-2024,Fashion
984,Starlight Serenade,Christina Judson,07-08-2024,Health
985,Mystic Shadows,Elyn McVanamy,22-12-2024,Science
986,The Secret Garden,Juliane Peyton,29-03-2025,Sports
987,Starlight Serenade,Lemmy Goacher,20-08-2024,Health
988,Lost in Time,Michele Mastrantone,09-01-2025,Technology
989,Mystic Shadows,Rheba Yonnie,05-10-2024,Fashion
990,Dancing with Dragons,Benjamin Blakeway,13-01-2025,Health
991,Midnight Moonlight,Benoit Langmuir,27-05-2024,Health
992,Starlight Serenade,Simonette Bradick,12-02-2025,Business
993,Echoes of Eternity,Scarface Frankling,27-05-2024,Home
994,Whimsical Wonderland,Essie Mendus,08-06-2024,Fashion
995,Enchanted Dreams,Corrie Larkworthy,28-06-2024,Travel
996,Mystic Shadows,Ruperta Diben,30-05-2024,Sports
997,Lost in Time,Marshal Calafate,08-09-2024,Entertainment
998,Enchanted Dreams,Elroy Grigorini,26-03-2025,Fashion
999,Whimsical Wonderland,Ruthe Redrup,11-08-2024,Technology
1000,Enchanted Dreams,Benyamin Mander,02-04-2024,Entertainment
